{
"__license":"This file has been derived from Unicode Common Locale Data Repository (CLDR) files (http://cldr.unicode.org). See the copyright and permission notice in the Unicode-Data-Files-LICENSE.txt available at the same location as this file or visit http://www.unicode.org/copyright.html",
"languages":{
"aa":"אפארית",
"ab":"אבחזית",
"ace":"אכינזית",
"ach":"אקולי",
"ada":"אדנמה",
"ady":"אדיגית",
"ae":"אבסטן",
"af":"אפריקאנס",
"afa":"שפה אפרו-אסייתית",
"afh":"אפריהילי",
"agq":"אהיים",
"ain":"אינו",
"ak":"אקאן",
"akk":"אכדית",
"ale":"אלאוט",
"alg":"השפה האלגונקוויאנית",
"alt":"אלטאי דרומית",
"am":"אמהרית",
"an":"אראגונית",
"ang":"אנגלית עתיקה",
"anp":"אנג׳יקה",
"apa":"שפה אפאצ׳ית",
"ar":"ערבית",
"ar_001":"ערבית ספרותית",
"arc":"ארמית",
"arn":"אראוקנית",
"arp":"ארפהו",
"art":"שפה מלאכותית",
"arw":"ארוואק",
"as":"אסאמית",
"asa":"אסו",
"ast":"אסטורית",
"ath":"השפה האת׳פסקנית",
"aus":"שפה אוסטרלית",
"av":"אבארית",
"awa":"אוואדית",
"ay":"איימארית",
"az":"אזרית",
"ba":"בשקירית",
"bad":"בנדה",
"bai":"השפה הבאמילקית",
"bal":"באלוצ׳י",
"ban":"בלינזית",
"bas":"בסאא",
"bat":"שפות בלטיות",
"bax":"באקס",
"bbj":"גומל",
"be":"בלארוסית",
"bej":"בז׳ה",
"bem":"במבה",
"ber":"ברברית",
"bez":"בנה",
"bfd":"באפוט",
"bg":"בולגרית",
"bh":"ביהארי",
"bho":"בוג׳פורי",
"bi":"ביסלמה",
"bik":"ביקול",
"bin":"ביני",
"bkm":"קום",
"bla":"סיקסיקה",
"bm":"במבארה",
"bn":"בנגלית",
"bnt":"בנטו",
"bo":"טיבטית",
"br":"ברטונית",
"bra":"בראג׳",
"brx":"בודו",
"bs":"בוסנית",
"bss":"אקוסה",
"btk":"בטאק",
"bua":"בוריאט",
"bug":"בוגינזית",
"bum":"בולו",
"byn":"בלין",
"byv":"מדומבה",
"ca":"קטלאנית",
"cad":"קאדו",
"cai":"שפה אינדיאנית מרכז-אמריקאית",
"car":"קאריב",
"cau":"שפה קווקזית",
"cay":"קאיוגה",
"cch":"אטסם",
"ce":"צ׳צ׳נית",
"ceb":"קבואנו",
"cel":"שפה קלטית",
"cgg":"צ׳יגה",
"ch":"צ׳מורו",
"chb":"צ׳יבצ׳ה",
"chg":"צ׳אגאטאי",
"chk":"צ׳וקסה",
"chm":"מארי",
"chn":"ניב צ׳ינוק",
"cho":"צ׳וקטאו",
"chp":"צ׳יפוויאן",
"chr":"צ׳רוקי",
"chy":"שאיין",
"ckb":"כורדית סוראנית",
"cmc":"השפה הצ׳אמית",
"co":"קורסיקנית",
"cop":"קופטית",
"cpe":"קריאולית או פידג׳ין מבוססת אנגלית",
"cpf":"קריאולית או פידג׳ין מבוססת-צרפתית",
"cpp":"קריאולית או פידג׳ין מבוססת-פורטוגזית",
"cr":"קרי",
"crh":"טטרית של קרים",
"crp":"שפה קראולית או פידג׳אנית",
"cs":"צ׳כית",
"csb":"קשוביאן",
"cu":"סלאבית כנסייתית עתיקה",
"cus":"השפה הקושיטית",
"cv":"צ׳ובאש",
"cy":"ולשית",
"da":"דנית",
"dak":"דקוטה",
"dar":"דרגווה",
"dav":"טאיטה",
"day":"דיאק",
"de":"גרמנית",
"de_AT":"גרמנית אוסטרית",
"de_CH":"גרמנית שוויצרית (גבוהה)",
"del":"דלאוור",
"den":"סלאבית",
"dgr":"דוגריב",
"din":"דינקה",
"dje":"זארמה",
"doi":"דוגרי",
"dra":"השפה הדראווידיאנית",
"dsb":"סורביאן נמוכה",
"dua":"דואלה",
"dum":"הולנדית תיכונה",
"dv":"דיבהי",
"dyo":"הולה-פוניי",
"dyu":"דיולה",
"dz":"דזונקה",
"dzg":"דזאנגה",
"ebu":"אמבו",
"ee":"אווה",
"efi":"אפיק",
"egy":"מצרית עתיקה",
"eka":"אקיוק",
"el":"יוונית",
"elx":"עילמית",
"en":"אנגלית",
"en_AU":"אנגלית אוסטרלית",
"en_CA":"אנגלית קנדית",
"en_GB":"אנגלית בריטית",
"en_US":"אנגלית אמריקנית",
"enm":"אנגלית תיכונה",
"eo":"אספרנטו",
"es":"ספרדית",
"es_419":"ספרדית לטינו־אמריקאית",
"es_ES":"ספרדית אירופאית",
"es_MX":"ספרדית מקסיקנית",
"et":"אסטונית",
"eu":"בסקית",
"ewo":"אוונדו",
"fa":"פרסית",
"fan":"פנג",
"fat":"פאנטי",
"ff":"פולה",
"fi":"פינית",
"fil":"פיליפינית",
"fiu":"השפה הפינו-אוגרית",
"fj":"פיג׳ית",
"fo":"פארואזית",
"fon":"פון",
"fr":"צרפתית",
"fr_CA":"צרפתית קנדית",
"fr_CH":"צרפתית שוויצרית",
"frm":"צרפתית תיכונה",
"fro":"צרפתית עתיקה",
"frr":"פריזית צפונית",
"frs":"פריזיאן מזרחית",
"fur":"פריולית",
"fy":"פריזית",
"ga":"אירית",
"gaa":"גא",
"gay":"גאיו",
"gba":"גבאיה",
"gd":"גאלית סקוטית",
"gem":"שפה גרמאנית",
"gez":"געז",
"gil":"גילברטזית",
"gl":"גליציאנית",
"gmh":"גרמנית בינונית-גבוהה",
"gn":"גוארני",
"goh":"גרמנית עתיקה גבוהה",
"gon":"גונדי",
"gor":"גורונטאלו",
"got":"גותית",
"grb":"גרבו",
"grc":"יוונית עתיקה",
"gsw":"גרמנית שוויצרית",
"gu":"גוג׳ראטית",
"guz":"גוסי",
"gv":"מאנית",
"gwi":"גוויצ׳ין",
"ha":"האוסה",
"hai":"האידה",
"haw":"הוואית",
"he":"עברית",
"hi":"הינדי",
"hil":"היליגאינון",
"him":"הימצ׳אלי",
"hit":"חיתית",
"hmn":"מונג",
"ho":"הארי מוטו",
"hr":"קרואטית",
"hsb":"סורביאנית עליונה",
"ht":"האיטית",
"hu":"הונגרית",
"hup":"הופה",
"hy":"ארמנית",
"hz":"הררו",
"ia":"‏אינטרלינגואה",
"iba":"איבאן",
"ibb":"איביביו",
"id":"אינדונזית",
"ie":"אינטרלינגה",
"ig":"איגבו",
"ii":"סיצ׳ואן יי",
"ijo":"איג׳ו",
"ik":"אינופיאק",
"ilo":"אילוקו",
"inc":"שפת האינדיק",
"ine":"שפה הודו-אירופית",
"inh":"אינגושית",
"io":"אידו",
"ira":"שפה איראנית",
"iro":"השפה האירוקואונית",
"is":"איסלנדית",
"it":"איטלקית",
"iu":"אינוקטיטוט",
"ja":"יפנית",
"jbo":"לויבאן",
"jgo":"נגומה",
"jmc":"מצ׳אמה",
"jpr":"פרסית יהודית",
"jrb":"ערבית יהודית",
"jv":"יאוונית",
"ka":"גאורגית",
"kaa":"קארא-קלפאק",
"kab":"קבילה",
"kac":"קצ׳ין",
"kaj":"ג׳יו",
"kam":"קמבה",
"kar":"קארן",
"kaw":"קאווי",
"kbd":"קברדית",
"kbl":"קנמבו",
"kcg":"טיאפ",
"kde":"מקונדה",
"kea":"קאבוורדיאנו",
"kfo":"קורו",
"kg":"קונגו",
"kha":"קאסי",
"khi":"השפה הקויסאנית",
"kho":"קוטאנזית",
"khq":"קוירה צ׳יני",
"ki":"קיקויו",
"kj":"קואניאמה",
"kk":"קזחית",
"kkj":"קאקו",
"kl":"קאלאליסוטית",
"kln":"קאלנג׳ין",
"km":"קמרית",
"kmb":"קימבונדו",
"kn":"קנאדה",
"ko":"קוריאנית",
"kok":"קונקאני",
"kos":"קוסראיאן",
"kpe":"קפלה",
"kr":"קאנורי",
"krc":"קראצ׳י-בלקר",
"krl":"קארלית",
"kro":"קרו",
"kru":"קורוק",
"ks":"קשמירית",
"ksb":"שמבאלה",
"ksf":"באפיה",
"ksh":"קולוניאן",
"ku":"כורדית",
"kum":"קומיק",
"kut":"קוטנאי",
"kv":"קומי",
"kw":"קורנית",
"ky":"קירגיזית",
"la":"לטינית",
"lad":"לדינו",
"lag":"לאנגי",
"lah":"לנדה",
"lam":"למבה",
"lb":"לוקסמבורגית",
"lez":"לזגית",
"lg":"גאנדה",
"li":"לימבורגיש",
"ln":"לינגלה",
"lo":"לאית",
"lol":"מונגו",
"loz":"לוזי",
"lt":"ליטאית",
"lu":"לובה-קטנגה",
"lua":"לובה-לולואה",
"lui":"לואיסנו",
"lun":"לונדה",
"luo":"לואו",
"lus":"לושאי",
"luy":"לויה",
"lv":"לטבית",
"mad":"מדורסה",
"maf":"מאפא",
"mag":"מאגאהית",
"mai":"מאיטילית",
"mak":"מקסאר",
"man":"מנדינגו",
"map":"שפה אוסטרונזית",
"mas":"מאסאית",
"mde":"מאבא",
"mdf":"מוקשה",
"mdr":"מנדאר",
"men":"מנדה",
"mer":"מרו",
"mfe":"מוריסיין",
"mg":"מלגשית",
"mga":"אירית תיכונה",
"mgh":"מקואה-מיטו",
"mgo":"מטא",
"mh":"מרשאלס",
"mi":"מאורית",
"mic":"מיקמק",
"min":"מיננגקבאו",
"mis":"שפה אחרת",
"mk":"מקדונית",
"mkh":"שפת מון-חמר",
"ml":"מלאיאלם",
"mn":"מונגולית",
"mnc":"מנצ׳ו",
"mni":"מניפורית",
"mno":"שפת מנובו",
"mo":"מולדבית",
"moh":"מוהוק",
"mos":"מוסי",
"mr":"מרטהי",
"ms":"מלאית",
"mt":"מלטית",
"mua":"מונדאנג",
"mul":"מספר שפות",
"mun":"שפת מונדה",
"mus":"קריק",
"mwl":"מירנדזית",
"mwr":"מרווארי",
"my":"בורמזית",
"mye":"מאיין",
"myn":"מאיה",
"myv":"ארזיה",
"na":"נאורית",
"nah":"נאהואטל",
"nai":"שפה אינדיאנית צפון-אמריקאית",
"nap":"נפוליטנית",
"naq":"נאמה",
"nb":"‏נורבגית ספרותית",
"nd":"צפון נדבלה",
"nds":"גרמנית תחתית",
"ne":"נפאלית",
"new":"נווארי",
"ng":"נדונגה",
"nia":"ניאס",
"nic":"השפה הניגר-קורדופניאנית",
"niu":"ניואיאן",
"nl":"הולנדית",
"nl_BE":"פלמית",
"nmg":"קוואסיו",
"nn":"נורבגית חדשה",
"nnh":"נגיאמבון",
"no":"נורבגית",
"nog":"נוגאי",
"non":"‏נורדית עתיקה",
"nqo":"נ׳קו",
"nr":"דרום נדבלה",
"nso":"סוטו הצפונית",
"nub":"שפות נבטיות",
"nus":"נואר",
"nv":"נבחו",
"nwc":"נווארית קלאסית",
"ny":"ניאנג׳ה",
"nym":"ניאמווזי",
"nyn":"ניאנקולה",
"nyo":"ניורו",
"nzi":"נזימה",
"oc":"אוקסיטנית",
"oj":"אוג׳יבווה",
"om":"אורומו",
"or":"אוריה",
"os":"אוסטית",
"osa":"אוסג׳ה",
"ota":"טורקית עותומנית",
"oto":"השפה האוטומיאנית",
"pa":"פנג׳אבית",
"paa":"השפה הפפואנית",
"pag":"פנגסינאן",
"pal":"פלאבי",
"pam":"פמפאניה",
"pap":"פפיאמנטו",
"pau":"פלוואן",
"peo":"פרסית עתיקה",
"phi":"שפה פיליפינית",
"phn":"פניקית",
"pi":"פאלי",
"pl":"פולנית",
"pon":"פונפיאן",
"pra":"שפת פרקריט",
"pro":"פרובנסאל עתיקה",
"ps":"פאשטו",
"pt":"פורטוגלית",
"pt_BR":"פורטוגזית ברזילאית",
"pt_PT":"פורטוגזית אירופאית",
"qu":"קצ׳ואה",
"raj":"ראג׳סטן",
"rap":"רפאנוי",
"rar":"ררוטונגאן",
"rm":"רומאנש",
"rn":"קירונדי",
"ro":"רומנית",
"roa":"שפת רומאנס",
"rof":"רומבו",
"rom":"רומאנית",
"root":"רוט",
"ru":"רוסית",
"rup":"ארומנית",
"rw":"קינירואנדה",
"rwk":"רווא",
"sa":"סנסקריט",
"sad":"סנדאווה",
"sah":"סאחה",
"sai":"שפה אינדיאנית דרום אמריקאית",
"sal":"השפה הסלישאנית",
"sam":"ארמית שומרונית",
"saq":"סמבורו",
"sas":"ססאק",
"sat":"סאנטלי",
"sba":"נגמבאי",
"sbp":"סאנגו",
"sc":"סרדינית",
"scn":"סיציליאנית",
"sco":"סקוטית",
"sd":"סינדהית",
"se":"לאפית צפונית",
"see":"סנקה",
"seh":"סנה",
"sel":"סלקופ",
"sem":"שפה שמית",
"ses":"קויראבורו סני",
"sg":"סנגו",
"sga":"אירית עתיקה",
"sgn":"שפת סימנים",
"sh":"סרבו-קרואטית",
"shi":"טצ׳להיט",
"shn":"שאן",
"shu":"ערבית צ׳אדית",
"si":"סינהלה",
"sid":"סידמו",
"sio":"שפת סו",
"sit":"שפה סינו־טיבטית",
"sk":"סלובקית",
"sl":"סלובנית",
"sla":"שפה סלאבית",
"sm":"סמואית",
"sma":"סאמי דרומית",
"smi":"שפת סאמי",
"smj":"לולה סאמי",
"smn":"אינארי סאמי",
"sms":"סקולט סאמי",
"sn":"שונה",
"snk":"סונינקה",
"so":"סומלית",
"sog":"סוגדיאן",
"son":"סונגהאי",
"sq":"אלבנית",
"sr":"סרבית",
"srn":"סרנאן טונגו",
"srr":"סרר",
"ss":"סיסוואטי",
"ssa":"השפה הנילו-סהרנית",
"ssy":"סאהו",
"st":"ססות׳ו",
"su":"סונדנית",
"suk":"סוקומה",
"sus":"סוסו",
"sux":"שומרית",
"sv":"שוודית",
"sw":"סווהילית",
"swb":"קומורו",
"swc":"קונגו סוואהילי",
"syc":"סירית קלאסית",
"syr":"סורית",
"ta":"טמילית",
"tai":"שפת טאי",
"te":"טלוגו",
"tem":"טימנה",
"teo":"טסו",
"ter":"טרנו",
"tet":"טטום",
"tg":"טג׳יקית",
"th":"תאית",
"ti":"טיגרינאית",
"tig":"טיגרית",
"tiv":"טיב",
"tk":"טורקמנית",
"tkl":"טוקלאו",
"tl":"טגלוג",
"tlh":"קלינגון",
"tli":"טלינגיט",
"tmh":"טמאשק",
"tn":"טוניסיה",
"to":"טונגן",
"tog":"ניאסה טונגה",
"tpi":"טוק פיסין",
"tr":"טורקית",
"trv":"טרוקו",
"ts":"טסונגה",
"tsi":"טסימשיאן",
"tt":"טטרית",
"tum":"טומבוקה",
"tup":"שפת טופי",
"tut":"השפה האלטאית",
"tvl":"טובאלו",
"tw":"טווי",
"twq":"טסוואק",
"ty":"טהיטית",
"tyv":"טובינית",
"tzm":"טמזייט של מרכז מרוקו",
"udm":"אודמורט",
"ug":"אויגהור",
"uga":"אוגריתית",
"uk":"אוקראינית",
"umb":"אומבונדו",
"und":"שפה לא ידועה",
"ur":"אורדו",
"uz":"אוזבקית",
"vai":"ואי",
"ve":"וונדה",
"vi":"ויאטנמית",
"vo":"‏וולאפיק",
"vot":"ווטיק",
"vun":"וונג׳ו",
"wa":"וואלון",
"wae":"וואלסר",
"wak":"שפת ווקשאן",
"wal":"וולאמו",
"war":"ווראי",
"was":"וואשו",
"wen":"השפה הסורבית",
"wo":"ג׳ולוף",
"xal":"קלמיק",
"xh":"קסוסה",
"xog":"סוגה",
"yao":"יאו",
"yap":"יאפזית",
"yav":"יאנגבן",
"ybb":"ימבה",
"yi":"יידיש",
"yo":"יורובה",
"ypk":"השפה היופית",
"yue":"קנטונזית",
"za":"ז׳ואנג",
"zap":"זאפוטק",
"zbl":"בליסימבולס",
"zen":"זנאגה",
"zgh":"תמזיע׳ת מרוקאית תקנית",
"zh":"סינית",
"zh_Hans":"סינית (מפושטת)",
"zh_Hant":"סינית מסורתית",
"znd":"זאנדה",
"zu":"זולו",
"zun":"זוני",
"zxx":"ללא תוכן לשוני",
"zza":"זאזא"
},
"scripts":{
"Arab":"ערבי",
"Armn":"ארמני",
"Bali":"באלינזי",
"Beng":"בנגלי",
"Bopo":"בופומופו",
"Brai":"ברייל",
"Cham":"צ׳אם",
"Cher":"צ׳ירוקי",
"Copt":"קופטי",
"Cprt":"קפריסאי",
"Cyrl":"קירילי",
"Cyrs":"קירילי סלאבוני כנסייתי עתיק",
"Deva":"דוואנגרי",
"Egyp":"כתב חרטומים",
"Ethi":"אתיופי",
"Geor":"גאורגי",
"Goth":"גותי",
"Grek":"יווני",
"Gujr":"גוג׳רטי",
"Guru":"גורמוקי",
"Hang":"האנגול",
"Hani":"האן",
"Hans":"מפושט",
"Hant":"מסורתי",
"Hebr":"עברי",
"Hira":"הירגאנה",
"Hung":"הונגרי עתיק",
"Inds":"אינדוס",
"Ital":"איטלקי עתיק",
"Java":"ג׳אוונזי",
"Jpan":"יפני",
"Kana":"קטקאנה",
"Khmr":"קמרית",
"Knda":"קאנדה",
"Kore":"קוריאני",
"Laoo":"לאית",
"Latg":"לטיני גאלי",
"Latn":"לטיני",
"Maya":"מאיה",
"Mlym":"מליאלאם",
"Mong":"מונגולי",
"Mymr":"מיאנמר",
"Orya":"אורייה",
"Phnx":"פיניקי",
"Runr":"רוני",
"Sinh":"סינהלה",
"Syrc":"סורי",
"Syrj":"סורי מערבי",
"Syrn":"סורי מזרחי",
"Taml":"טמיל",
"Telu":"טלוגו",
"Tglg":"טגלוג",
"Thaa":"כתב טאנה",
"Thai":"תאי",
"Tibt":"טיבטי",
"Ugar":"אוגריתי",
"Xpeo":"פרסי עתיק",
"Zinh":"מורש",
"Zmth":"סימון מתמטי",
"Zsym":"סמלים",
"Zxxx":"לא כתוב",
"Zyyy":"רגיל",
"Zzzz":"כתב שאינו ידוע"
},
"territories":{
"001":"העולם",
"002":"אפריקה",
"003":"צפון אמריקה",
"005":"דרום אמריקה",
"009":"אוקיאניה",
"011":"מערב אפריקה",
"013":"מרכז אמריקה",
"014":"מזרח אפריקה",
"015":"צפון אפריקה",
"017":"מרכז אפריקה",
"018":"דרום יבשת אפריקה",
"019":"אמריקה",
"021":"אמריקה הצפונית",
"029":"קריביים",
"030":"מזרח אסיה",
"034":"דרום אסיה",
"035":"דרום־מזרח אסיה",
"039":"דרום אירופה",
"053":"אוסטרלאסיה",
"054":"מלנזיה",
"057":"אזור מיקרונזיה",
"061":"פולינזיה",
"142":"אסיה",
"143":"מרכז אסיה",
"145":"מערב אסיה",
"150":"אירופה",
"151":"מזרח אירופה",
"154":"צפון אירופה",
"155":"מערב אירופה",
"419":"אמריקה הלטינית",
"AC":"האי אסנשן",
"AD":"אנדורה",
"AE":"איחוד האמירויות הערביות",
"AF":"אפגניסטן",
"AG":"אנטיגואה וברבודה",
"AI":"אנגילה",
"AL":"אלבניה",
"AM":"ארמניה",
"AN":"אנטילים הולנדיים",
"AO":"אנגולה",
"AQ":"אנטארקטיקה",
"AR":"ארגנטינה",
"AS":"סמואה האמריקנית",
"AT":"אוסטריה",
"AU":"אוסטרליה",
"AW":"ארובה",
"AX":"איי אולנד",
"AZ":"אזרבייג׳ן",
"BA":"בוסניה והרצגובינה",
"BB":"ברבדוס",
"BD":"בנגלדש",
"BE":"בלגיה",
"BF":"בורקינה פאסו",
"BG":"בולגריה",
"BH":"בחריין",
"BI":"בורונדי",
"BJ":"בנין",
"BL":"סנט ברתולומיאו",
"BM":"ברמודה",
"BN":"ברוניי",
"BO":"בוליביה",
"BQ":"האיים הקריביים ההולנדיים",
"BR":"ברזיל",
"BS":"איי בהאמה",
"BT":"בהוטן",
"BV":"איי בובה",
"BW":"בוטסוואנה",
"BY":"בלארוס",
"BZ":"בליז",
"CA":"קנדה",
"CC":"איי קוקס (קילינג)",
"CD":"קונגו - קינשאסה",
"CF":"הרפובליקה של מרכז אפריקה",
"CG":"קונגו - ברזאויל",
"CH":"שווייץ",
"CI":"חוף השנהב",
"CK":"איי קוק",
"CL":"צ׳ילה",
"CM":"קמרון",
"CN":"סין",
"CO":"קולומביה",
"CP":"האי קליפרטון",
"CR":"קוסטה ריקה",
"CU":"קובה",
"CV":"כף ורדה",
"CW":"קוראסאו",
"CX":"איי כריסטמס",
"CY":"קפריסין",
"CZ":"צ׳כיה",
"DE":"גרמניה",
"DG":"דייגו גרסיה",
"DJ":"ג׳יבוטי",
"DK":"דנמרק",
"DM":"דומיניקה",
"DO":"הרפובליקה הדומיניקנית",
"DZ":"אלג׳יריה",
"EA":"סאוטה ומלייה",
"EC":"אקוודור",
"EE":"אסטוניה",
"EG":"מצרים",
"EH":"סהרה המערבית",
"ER":"אריתריאה",
"ES":"ספרד",
"ET":"אתיופיה",
"EU":"האיחוד האירופי",
"FI":"פינלנד",
"FJ":"פיג׳י",
"FK":"איי פוקלנד",
"FM":"מיקרונזיה",
"FO":"איי פארו",
"FR":"צרפת",
"GA":"גאבון",
"GB":"הממלכה המאוחדת",
"GD":"גרנדה",
"GE":"גאורגיה",
"GF":"גיאנה הצרפתית",
"GG":"גרנסי",
"GH":"גאנה",
"GI":"גיברלטר",
"GL":"גרינלנד",
"GM":"גמביה",
"GN":"גיניאה",
"GP":"גוואדלופ",
"GQ":"גיניאה המשוונית",
"GR":"יוון",
"GS":"ג׳ורג׳יה הדרומית ואיי סנדוויץ׳ הדרומיים",
"GT":"גואטמלה",
"GU":"גואם",
"GW":"גיניאה-ביסאו",
"GY":"גיאנה",
"HK":"הונג קונג - מחוז מנהלי מיוחד של סין",
"HM":"איי הרד ואיי מקדונלנד",
"HN":"הונדורס",
"HR":"קרואטיה",
"HT":"האיטי",
"HU":"הונגריה",
"IC":"האיים הקנריים",
"ID":"אינדונזיה",
"IE":"אירלנד",
"IL":"ישראל",
"IM":"האי מאן",
"IN":"הודו",
"IO":"טריטוריה בריטית באוקיאנוס ההודי",
"IQ":"עיראק",
"IR":"איראן",
"IS":"איסלנד",
"IT":"איטליה",
"JE":"ג׳רסי",
"JM":"ג׳מייקה",
"JO":"ירדן",
"JP":"יפן",
"KE":"קניה",
"KG":"קירגיזסטן",
"KH":"קמבודיה",
"KI":"קיריבאטי",
"KM":"קומורוס",
"KN":"סנט קיטס ונוויס",
"KP":"קוריאה הצפונית",
"KR":"קוריאה הדרומית",
"KW":"כווית",
"KY":"איי קיימן",
"KZ":"קזחסטן",
"LA":"לאוס",
"LB":"לבנון",
"LC":"סנט לוסיה",
"LI":"ליכטנשטיין",
"LK":"סרי לנקה",
"LR":"ליבריה",
"LS":"לסוטו",
"LT":"ליטא",
"LU":"לוקסמבורג",
"LV":"לטביה",
"LY":"לוב",
"MA":"מרוקו",
"MC":"מונקו",
"MD":"מולדובה",
"ME":"מונטנגרו",
"MF":"סנט מרטין",
"MG":"מדגסקר",
"MH":"איי מרשל",
"MK":"מקדוניה",
"ML":"מאלי",
"MM":"מיאנמאר (בורמה)‎",
"MN":"מונגוליה",
"MO":"מקאו - מחוז מנהלי מיוחד של סין",
"MP":"איי מריאנה הצפוניים",
"MQ":"מרטיניק",
"MR":"מאוריטניה",
"MS":"מונסראט",
"MT":"מלטה",
"MU":"מאוריציוס",
"MV":"האיים המלדיביים",
"MW":"מלאווי",
"MX":"מקסיקו",
"MY":"מלזיה",
"MZ":"מוזמביק",
"NA":"נמיביה",
"NC":"קלדוניה החדשה",
"NE":"ניז׳ר",
"NF":"איי נורפוק",
"NG":"ניגריה",
"NI":"ניקרגואה",
"NL":"הולנד",
"NO":"נורווגיה",
"NP":"נפאל",
"NR":"נאורו",
"NU":"ניווה",
"NZ":"ניו זילנד",
"OM":"עומאן",
"PA":"פנמה",
"PE":"פרו",
"PF":"פולינזיה הצרפתית",
"PG":"פפואה גיניאה החדשה",
"PH":"פיליפינים",
"PK":"פקיסטן",
"PL":"פולין",
"PM":"סנט פייר ומיקלון",
"PN":"איי פיטקרן",
"PR":"פורטו ריקו",
"PS":"השטחים הפלסטיניים",
"PT":"פורטוגל",
"PW":"פאלאו",
"PY":"פרגוואי",
"QA":"קטאר",
"QO":"אוקיאניה פרושה",
"RE":"ראוניון",
"RO":"רומניה",
"RS":"סרביה",
"RU":"רוסיה",
"RW":"רואנדה",
"SA":"ערב הסעודית",
"SB":"איי שלמה",
"SC":"איי סיישל",
"SD":"סודן",
"SE":"שוודיה",
"SG":"סינגפור",
"SH":"סנט הלנה",
"SI":"סלובניה",
"SJ":"סוולבארד ויאן מאיין",
"SK":"סלובקיה",
"SL":"סיירה לאונה",
"SM":"סן מרינו",
"SN":"סנגל",
"SO":"סומליה",
"SR":"סורינם",
"SS":"דרום סודן",
"ST":"סאו טומה ופרינסיפה",
"SV":"אל סלבדור",
"SX":"סינט מארטן",
"SY":"סוריה",
"SZ":"סווזילנד",
"TA":"טריסטן דה קונה",
"TC":"איי טורקס וקאיקוס",
"TD":"צ׳אד",
"TF":"טריטוריות דרומיות של צרפת",
"TG":"טוגו",
"TH":"תאילנד",
"TJ":"טג׳יקיסטן",
"TK":"טוקלאו",
"TL":"טימור לסטה",
"TM":"טורקמניסטן",
"TN":"תוניסיה",
"TO":"טונגה",
"TR":"טורקיה",
"TT":"טרינידד וטובגו",
"TV":"טובלו",
"TW":"טייוואן",
"TZ":"טנזניה",
"UA":"אוקראינה",
"UG":"אוגנדה",
"UM":"איים לחוף ארצות הברית",
"US":"ארצות הברית",
"UY":"אורוגוואי",
"UZ":"אוזבקיסטן",
"VA":"הוותיקן",
"VC":"סנט וינסנט והגרנדינים",
"VE":"ונצואלה",
"VG":"איי הבתולה הבריטיים",
"VI":"איי הבתולה האמריקניים",
"VN":"וייטנאם",
"VU":"ונואטו",
"WF":"איי ווליס ופוטונה",
"WS":"סמואה",
"XK":"קוסובו",
"YE":"תימן",
"YT":"מאיוט",
"ZA":"דרום אפריקה",
"ZM":"זמביה",
"ZW":"זימבאבווה",
"ZZ":"אזור לא ידוע"
},
"orientation":"right-to-left",
"dateFormat-full":"EEEE, d בMMMM y",
"dateFormat-long":"d בMMMM y",
"dateFormat-medium":"d בMMM y",
"dateFormat-short":"dd/MM/yy",
"timeFormat-full":"HH:mm:ss zzzz",
"timeFormat-long":"HH:mm:ss z",
"timeFormat-medium":"HH:mm:ss",
"timeFormat-short":"HH:mm",
"dateTimeFormat-full":"{1} בשעה {0}",
"dateTimeFormat-long":"{1} בשעה {0}",
"dateTimeFormat-medium":"{1}, {0}",
"dateTimeFormat-short":"{1}, {0}",
"intervalFormatFallback":"{0} – {1}",
"intervalFormat-d-d":"d–d",
"intervalFormat-h-a":"h a – h a",
"intervalFormat-h-h":"h–h a",
"intervalFormat-H-H":"H–H",
"intervalFormat-hm-a":"h:mm a – h:mm a",
"intervalFormat-hm-h":"h:mm–h:mm a",
"intervalFormat-hm-m":"h:mm–h:mm a",
"intervalFormat-Hm-H":"H:mm–H:mm",
"intervalFormat-Hm-m":"H:mm–H:mm",
"intervalFormat-hmv-a":"h:mm a – h:mm a v",
"intervalFormat-hmv-h":"h:mm–h:mm a v",
"intervalFormat-hmv-m":"h:mm–h:mm a v",
"intervalFormat-Hmv-H":"H:mm–H:mm v",
"intervalFormat-Hmv-m":"H:mm–H:mm v",
"intervalFormat-hv-a":"h a – h a v",
"intervalFormat-hv-h":"h–h a v",
"intervalFormat-Hv-H":"H–H v",
"intervalFormat-M-M":"M–M",
"intervalFormat-Md-d":"d.M–d.M",
"intervalFormat-Md-M":"d.M–d.M",
"intervalFormat-MEd-d":"EEEE d.M–EEEE d.M",
"intervalFormat-MEd-M":"EEEE d.M – EEEE d.M",
"intervalFormat-MMM-M":"MMM–MMM",
"intervalFormat-MMMd-d":"d–d MMM",
"intervalFormat-MMMd-M":"d MMM–d MMM",
"intervalFormat-MMMEd-d":"EEEE d MMM – EEEE d MMM",
"intervalFormat-MMMEd-M":"EEEE d MMM – EEEE d MMM",
"intervalFormat-y-y":"y–y",
"intervalFormat-yM-M":"M.y–M.y",
"intervalFormat-yM-y":"M.y‏-M.y",
"intervalFormat-yMd-d":"dd.M.y – dd.M.y",
"intervalFormat-yMd-M":"d.M.y – d.M.y",
"intervalFormat-yMd-y":"d.M.y – d.M.y",
"intervalFormat-yMEd-d":"EEEE d.M.y – EEEE d.M.y",
"intervalFormat-yMEd-M":"EEEE d.M.y – EEEE d.M.y",
"intervalFormat-yMEd-y":"EEEE d.M.y – EEEE d.M.y",
"intervalFormat-yMMM-M":"MMM–MMM y",
"intervalFormat-yMMM-y":"MMM y – MMM y",
"intervalFormat-yMMMd-d":"d–d MMM y",
"intervalFormat-yMMMd-M":"d MMM – d MMM y",
"intervalFormat-yMMMd-y":"d MMM y – d MMM y",
"intervalFormat-yMMMEd-d":"EEEE d MMM – EEEE d MMM y",
"intervalFormat-yMMMEd-M":"EEEE d MMM – EEEE d MMM y",
"intervalFormat-yMMMEd-y":"EEEE d MMM y – EEEE d MMM y",
"intervalFormat-yMMMM-M":"MMMM–MMMM y",
"intervalFormat-yMMMM-y":"MMMM y–MMMM y",
"months-format-abbreviated":[
"ינו",
"פבר",
"מרץ",
"אפר",
"מאי",
"יונ",
"יול",
"אוג",
"ספט",
"אוק",
"נוב",
"דצמ"],
"months-format-narrow":[
"1",
"2",
"3",
"4",
"5",
"6",
"7",
"8",
"9",
"10",
"11",
"12"],
"months-format-wide":[
"ינואר",
"פברואר",
"מרץ",
"אפריל",
"מאי",
"יוני",
"יולי",
"אוגוסט",
"ספטמבר",
"אוקטובר",
"נובמבר",
"דצמבר"],
"months-standAlone-abbreviated":[
"ינו׳",
"פבר׳",
"מרץ",
"אפר׳",
"מאי",
"יונ׳",
"יול׳",
"אוג׳",
"ספט׳",
"אוק׳",
"נוב׳",
"דצמ׳"],
"months-standAlone-narrow":[
"1",
"2",
"3",
"4",
"5",
"6",
"7",
"8",
"9",
"10",
"11",
"12"],
"months-standAlone-wide":[
"ינואר",
"פברואר",
"מרץ",
"אפריל",
"מאי",
"יוני",
"יולי",
"אוגוסט",
"ספטמבר",
"אוקטובר",
"נובמבר",
"דצמבר"],
"days-format-abbreviated":[
"יום א׳",
"יום ב׳",
"יום ג׳",
"יום ד׳",
"יום ה׳",
"יום ו׳",
"שבת"],
"days-format-narrow":[
"א׳",
"ב׳",
"ג׳",
"ד׳",
"ה׳",
"ו׳",
"ש׳"],
"days-format-short":[
"א׳",
"ב׳",
"ג׳",
"ד׳",
"ה׳",
"ו׳",
"ש׳"],
"days-format-wide":[
"יום ראשון",
"יום שני",
"יום שלישי",
"יום רביעי",
"יום חמישי",
"יום שישי",
"יום שבת"],
"days-standAlone-abbreviated":[
"יום א׳",
"יום ב׳",
"יום ג׳",
"יום ד׳",
"יום ה׳",
"יום ו׳",
"שבת"],
"days-standAlone-narrow":[
"א׳",
"ב׳",
"ג׳",
"ד׳",
"ה׳",
"ו׳",
"ש׳"],
"days-standAlone-short":[
"א׳",
"ב׳",
"ג׳",
"ד׳",
"ה׳",
"ו׳",
"ש׳"],
"days-standAlone-wide":[
"יום ראשון",
"יום שני",
"יום שלישי",
"יום רביעי",
"יום חמישי",
"יום שישי",
"יום שבת"],
"quarters-format-abbreviated":[
"רבעון 1",
"רבעון 2",
"רבעון 3",
"רבעון 4"],
"quarters-format-narrow":[
"1",
"2",
"3",
"4"],
"quarters-format-wide":[
"רבעון 1",
"רבעון 2",
"רבעון 3",
"רבעון 4"],
"quarters-standAlone-abbreviated":[
"רבעון 1",
"רבעון 2",
"רבעון 3",
"רבעון 4"],
"quarters-standAlone-narrow":[
"ר1",
"ר2",
"ר3",
"ר4"],
"quarters-standAlone-wide":[
"רבעון 1",
"רבעון 2",
"רבעון 3",
"רבעון 4"],
"dayPeriods-format-abbreviated":[
"לפנה״צ",
"אחה״צ"],
"dayPeriods-format-narrow":[
"לפנה״צ",
"אחה״צ"],
"dayPeriods-format-wide":[
"לפנה״צ",
"אחה״צ"],
"dayPeriods-standAlone-abbreviated":[
"לפנה״צ",
"אחה״צ"],
"dayPeriods-standAlone-narrow":[
"לפנה״צ",
"אחה״צ"],
"dayPeriods-standAlone-wide":[
"לפנה״צ",
"אחה״צ"],
"decimalFormat":{
"standard":"#,##0.###"},
"decimalFormat-long":{
"1000-one":"‏0 אלף",
"1000-two":"‏0 אלף",
"1000-many":"‏0 אלף",
"1000-other":"‏0 אלף",
"10000-one":"‏00 אלף",
"10000-two":"‏00 אלף",
"10000-many":"‏00 אלף",
"10000-other":"‏00 אלף",
"100000-one":"‏000 אלף",
"100000-two":"‏000 אלף",
"100000-many":"‏000 אלף",
"100000-other":"‏000 אלף",
"1000000-one":"‏0 מיליון",
"1000000-two":"‏0 מיליון",
"1000000-many":"‏0 מיליון",
"1000000-other":"‏0 מיליון",
"10000000-one":"‏00 מיליון",
"10000000-two":"‏00 מיליון",
"10000000-many":"‏00 מיליון",
"10000000-other":"‏00 מיליון",
"100000000-one":"‏000 מיליון",
"100000000-two":"‏000 מיליון",
"100000000-many":"‏000 מיליון",
"100000000-other":"‏000 מיליון",
"1000000000-one":"‏0 מיליארד",
"1000000000-two":"‏0 מיליארד",
"1000000000-many":"‏0 מיליארד",
"1000000000-other":"‏0 מיליארד",
"10000000000-one":"‏00 מיליארד",
"10000000000-two":"‏00 מיליארד",
"10000000000-many":"‏00 מיליארד",
"10000000000-other":"‏00 מיליארד",
"100000000000-one":"‏000 מיליארד",
"100000000000-two":"‏000 מיליארד",
"100000000000-many":"‏000 מיליארד",
"100000000000-other":"‏000 מיליארד",
"1000000000000-one":"‏0 טריליון",
"1000000000000-two":"‏0 טריליון",
"1000000000000-many":"‏0 טריליון",
"1000000000000-other":"‏0 טריליון",
"10000000000000-one":"‏00 טריליון",
"10000000000000-two":"‏00 טריליון",
"10000000000000-many":"‏00 טריליון",
"10000000000000-other":"‏00 טריליון",
"100000000000000-one":"‏000 טריליון",
"100000000000000-two":"‏000 טריליון",
"100000000000000-many":"‏000 טריליון",
"100000000000000-other":"‏000 טריליון"},
"decimalFormat-short":{
"1000-one":"‏0 אלף",
"1000-two":"‏0 אלף",
"1000-many":"‏0 אלף",
"1000-other":"‏0 אלף",
"10000-one":"‏00 אלף",
"10000-two":"‏00 אלף",
"10000-many":"‏00 אלף",
"10000-other":"‏00 אלף",
"100000-one":"‏000 אלף",
"100000-two":"‏000 אלף",
"100000-many":"‏000 אלף",
"100000-other":"‏000 אלף",
"1000000-one":"‏0 מיליון",
"1000000-two":"‏0 מיליון",
"1000000-many":"‏0 מיליון",
"1000000-other":"‏0 מיליון",
"10000000-one":"‏00 מיליון",
"10000000-two":"‏00 מיליון",
"10000000-many":"‏00 מיליון",
"10000000-other":"‏00 מיליון",
"100000000-one":"‏000 מיליון",
"100000000-two":"‏000 מיליון",
"100000000-many":"‏000 מיליון",
"100000000-other":"‏000 מיליון",
"1000000000-one":"0B",
"1000000000-two":"0B",
"1000000000-many":"0B",
"1000000000-other":"0B",
"10000000000-one":"00B",
"10000000000-two":"00B",
"10000000000-many":"00B",
"10000000000-other":"00B",
"100000000000-one":"000B",
"100000000000-two":"000B",
"100000000000-many":"000B",
"100000000000-other":"000B",
"1000000000000-one":"0T",
"1000000000000-two":"0T",
"1000000000000-many":"0T",
"1000000000000-other":"0T",
"10000000000000-one":"00T",
"10000000000000-two":"00T",
"10000000000000-many":"00T",
"10000000000000-other":"00T",
"100000000000000-one":"000T",
"100000000000000-two":"000T",
"100000000000000-many":"000T",
"100000000000000-other":"000T"},
"scientificFormat":{
"standard":"#E0"},
"percentFormat":{
"standard":"#,##0%"},
"currencyFormat":{
"standard":"#,##0.00 ¤"},
"symbols-latn-decimal":".",
"symbols-latn-group":",",
"symbols-latn-list":";",
"symbols-latn-percentSign":"%",
"symbols-latn-plusSign":"‎+",
"symbols-latn-minusSign":"‎-",
"symbols-latn-exponential":"E",
"symbols-latn-superscriptingExponent":"×",
"symbols-latn-perMille":"‰",
"symbols-latn-infinity":"∞",
"symbols-latn-nan":"NaN",
"currencyDigits":{
"ADP":0,
"AFN":0,
"ALL":0,
"AMD":0,
"BHD":3,
"BIF":0,
"BYR":0,
"CAD":2,
"CHF":2,
"CLF":0,
"CLP":0,
"COP":0,
"CRC":0,
"DEFAULT":2,
"DJF":0,
"ESP":0,
"GNF":0,
"GYD":0,
"HUF":0,
"IDR":0,
"IQD":0,
"IRR":0,
"ISK":0,
"ITL":0,
"JOD":3,
"JPY":0,
"KMF":0,
"KPW":0,
"KRW":0,
"KWD":3,
"LAK":0,
"LBP":0,
"LUF":0,
"LYD":3,
"MGA":0,
"MGF":0,
"MMK":0,
"MNT":0,
"MRO":0,
"MUR":0,
"OMR":3,
"PKR":0,
"PYG":0,
"RSD":0,
"RWF":0,
"SLL":0,
"SOS":0,
"STD":0,
"SYP":0,
"TMM":0,
"TND":3,
"TRL":0,
"TZS":0,
"TWD":2,
"UGX":0,
"UZS":0,
"VND":0,
"VUV":0,
"XAF":0,
"XOF":0,
"XPF":0,
"YER":0,
"ZMK":0,
"ZWD":0
},
"currencySymbols":{
"AUD":"A$",
"BRL":"R$",
"CAD":"CA$",
"CNY":"CN¥",
"EUR":"€",
"GBP":"£",
"HKD":"HK$",
"ILS":"₪",
"INR":"₹",
"JPY":"JP¥",
"KRW":"₩",
"MXN":"MX$",
"NZD":"NZ$",
"THB":"฿",
"TWD":"NT$",
"USD":"US$",
"VND":"₫",
"XAF":"FCFA",
"XCD":"EC$",
"XOF":"CFA",
"XPF":"CFPF"
},
"weekData-minDays":1,
"weekData-firstDay":0,
"weekData-weekendStart":5,
"weekData-weekendEnd":6
}